[
  {
    "id": "1",
    "title": "Cơ Bản Về React Router",
    "content": "Bài viết này giải thích những điều cơ bản về React Router trong ứng dụng React."
  },
  {
    "id": "2",
    "title": "Giới Thiệu React Bootstrap",
    "content": "Bài viết này giới thiệu cách sử dụng React Bootstrap để tạo giao diện đẹp."
  },
  {
    "id": "3",
    "title": "Tính Năng JavaScript ES6",
    "content": "Bài viết này thảo luận về các tính năng mới được giới thiệu trong JavaScript ES6."
  }
]